{
	"DeleteAllDefaultCooldownGroups": true,
	"DefaultCooldownGroupsToDelete": [
	],
	"CooldownGroups": [
		{
			"Name": "A",
			"_comment": "1h",
			"CooldownMin": 1,
			"CooldownMax": 1,
			"IsAffectedByLowerGroups": true
		},
            {
			"Name": "B",
			"_comment": "2h",
			"CooldownMin": 2,
			"CooldownMax": 2,
			"IsAffectedByLowerGroups": true
		},
            {
			"Name": "C",
			"_comment": "3h",
			"CooldownMin": 3,
			"CooldownMax": 3,
			"IsAffectedByLowerGroups": true
		},
            {
			"Name": "D",
			"_comment": "4h",
			"CooldownMin": 4,
			"CooldownMax": 4,
			"IsAffectedByLowerGroups": true
		}
	]
}	