{
	"Nodes": [
		{
			"Rarity": "Uncommon",
			"Ids": [
				"ItemLootTreeNodes.Military.Ammo.12Gauge",
				"ItemLootTreeNodes.Military.Ammo.Regular",
				"ItemLootTreeNodes.Military.Weapons.Shotguns",
				"ItemLootTreeNodes.Military.Weapons.Rifles",
				"ItemLootTreeNodes.Military.Weapons.Other",
				"ItemLootTreeNodes.Military.Weapons.Handguns"
			]
		}
	],
	"Probability": 9,
	"QuantityMin": 1,
	"QuantityMax": 2,
	"AllowDuplicates": false,
	"ShouldFilterItemsByZone": true,
	"InitialDamage": 30,
	"RandomDamage": 40,
	"InitialUsage": 30,
	"RandomUsage": 40
}