{
	"Nodes": [
		{
			"Rarity": "Uncommon",
			"Ids": [
				"ItemLootTreeNodes.Military.Ammo.12Gauge",
				"ItemLootTreeNodes.Military.Ammo.Regular",
				"ItemLootTreeNodes.Military.Ammo.Arrows",
				"ItemLootTreeNodes.Military.Gear.Armor.Helmets",
				"ItemLootTreeNodes.Military.Gear.Attachments.Bayonets",
				"ItemLootTreeNodes.Military.Gear.Attachments.Camouflage",
				"ItemLootTreeNodes.Military.Gear.Attachments.Flashlights",
				"ItemLootTreeNodes.Military.Gear.Attachments.Rails",
				"ItemLootTreeNodes.Military.Gear.Attachments.Sights",
				"ItemLootTreeNodes.Military.Gear.Backpacks.Assault",
				"ItemLootTreeNodes.Military.Gear.Backpacks.Holsters",
				"ItemLootTreeNodes.Military.Gear.Backpacks.WaistBags",
				"ItemLootTreeNodes.Military.Gear.Magazines.Handguns",
				"ItemLootTreeNodes.Military.Gear.Magazines.Rifles",
				"ItemLootTreeNodes.Military.Gear.Magazines.SMGs",
				"ItemLootTreeNodes.Military.Gear.Tools"
			]
		}
	],
	"Probability": 9,
	"QuantityMin": 1,
	"QuantityMax": 1,
	"AllowDuplicates": false,
	"ShouldFilterItemsByZone": true,
	"InitialDamage": 15,
	"RandomDamage": 40,
	"InitialUsage": 15,
	"RandomUsage": 40
}