{
	"Nodes": [
		{
			"Rarity": "Uncommon",
			"Ids": [
				"ItemLootTreeNodes.Military.Ammo.12Gauge",
				"ItemLootTreeNodes.Military.Ammo.Regular",
				"ItemLootTreeNodes.Military.Ammo.Arrows",
				"ItemLootTreeNodes.Military.Ammo.Tracers",
				"ItemLootTreeNodes.Military.Clothes",
				"ItemLootTreeNodes.Military.Gear.Armor",
				"ItemLootTreeNodes.Military.Gear.Attachments",
				"ItemLootTreeNodes.Military.Gear.Backpacks",
				"ItemLootTreeNodes.Military.Gear.Magazines.Handguns",
				"ItemLootTreeNodes.Military.Gear.Magazines.Rifles",
				"ItemLootTreeNodes.Military.Gear.Magazines.SMGs",
				"ItemLootTreeNodes.Military.Gear.Tools"
			]
		}
	],
	"Probability": 7,
	"QuantityMin": 1,
	"QuantityMax": 1,
	"AllowDuplicates": false,
	"ShouldFilterItemsByZone": true,
	"InitialDamage": 0,
	"RandomDamage": 5,
	"InitialUsage": 0,
	"RandomUsage": 0
}