{
	"Nodes": [
		{
			"Rarity": "Uncommon",
			"Ids": [
				"ItemLootTreeNodes.LivingRoom.Other.Weapons.Magazines.Handguns",
				"ItemLootTreeNodes.LivingRoom.Other.Ammo",
				"ItemLootTreeNodes.LivingRoom.Other.Backpacks",
				"ItemLootTreeNodes.LivingRoom.Other.Money",
				"ItemLootTreeNodes.LivingRoom.Items",
				"ItemLootTreeNodes.LivingRoom.Drinks",
				"ItemLootTreeNodes.LivingRoom.Food"
			]
		}
	],
	"Probability": 15,
	"QuantityMin": 1,
	"QuantityMax": 1,
	"AllowDuplicates": false,
	"ShouldFilterItemsByZone": true,
	"InitialDamage": 0,
	"RandomDamage": 50,
	"InitialUsage": 0,
	"RandomUsage": 50
}