{
	"Nodes": [
		{
			"Rarity": "Rare",
			"Ids": [
				"ItemLootTreeNodes.Military.Clothes"
			]
		},
		{
			"Rarity": "Rare",
			"Ids": [
				"ItemLootTreeNodes.Military.Clothes",
				"ItemLootTreeNodes.Military.Gear.Backpacks",
				"ItemLootTreeNodes.Military.Gear.Magazines.Handguns",
				"ItemLootTreeNodes.Military.Ammo.Regular.SmallStash",
				"ItemLootTreeNodes.Military.Gear.Tools.Sewing_kit",
				"ItemLootTreeNodes.Military.Gear.Tools.Compass"
			]
		}
	],
	"Probability": 20,
	"QuantityMin": 1,
	"QuantityMax": 2,
	"AllowDuplicates": false,
	"ShouldFilterItemsByZone": true,
	"InitialDamage": 0,
	"RandomDamage": 50,
	"InitialUsage": 0,
	"RandomUsage": 50,
	"PostSpawnActions": [
		"SetCashAmount_SmallStash",
		"SetClothesDirtiness_ResidentialClothes",
		"SetAmmoAmount_SmallStash"
	]
}