{
	"Items": [
		{
			"Rarity": "Abundant",
			"Id": "KeyCardBunker_Level01"
		},
		{
			"Rarity": "Abundant",
			"Id": "KeyCardBunker_Level02"
		},
		{
			"Rarity": "Uncommon",
			"Id": "Cash"
		}
	],
	"Probability": 25,
	"QuantityMin": 1,
	"QuantityMax": 1,
	"AllowDuplicates": false,
	"ShouldFilterItemsByZone": true,
	"InitialDamage": 0,
	"RandomDamage": 20,
	"InitialUsage": 0,
	"RandomUsage": 20,
	"PostSpawnActions": [
		"AbandonedBunkerKeycard",
		"SetCashAmount_SmallStash"
	]
}