{
	"Nodes": [
		{
			"Rarity": "Uncommon",
			"Ids": [
				"ItemLootTreeNodes.CoalMine.Crafting",
				"ItemLootTreeNodes.CoalMine.LightsFire",
				"ItemLootTreeNodes.CoalMine.Tools",
				"ItemLootTreeNodes.CoalMine.WorkClothes"
			]
		}
	],
	"Probability": 15,
	"QuantityMin": 1,
	"QuantityMax": 1,
	"AllowDuplicates": false,
	"ShouldFilterItemsByZone": true,
	"InitialDamage": 50,
	"RandomDamage": 40,
	"InitialUsage": 50,
	"RandomUsage": 40,
	"PostSpawnActions": [
		"SetClothesDirtiness_DirtyClothes"
	]
}