{
	"Nodes": [
		{
			"Rarity": "Uncommon",
			"Ids": [
				"ItemLootTreeNodes.Masonry.Crafting",
				"ItemLootTreeNodes.Masonry.LightsFire",
				"ItemLootTreeNodes.Masonry.Tools.Hand",
				"ItemLootTreeNodes.Masonry.WorkClothes"
			]
		}
	],
	"Probability": 15,
	"QuantityMin": 1,
	"QuantityMax": 1,
	"AllowDuplicates": false,
	"ShouldFilterItemsByZone": true,
	"InitialDamage": 50,
	"RandomDamage": 40,
	"InitialUsage": 50,
	"RandomUsage": 40,
	"PostSpawnActions": [
		"SetClothesDirtiness_DirtyClothes"
	]
}