{
	"Nodes": [
		{
			"Rarity": "Uncommon",
			"Ids": [
				"ItemLootTreeNodes.FoodStore.Drinks.NonAlcoholic.Soda",
				"ItemLootTreeNodes.FoodStore.Food.Snacks.Candy",
				"ItemLootTreeNodes.FoodStore.Food.Snacks.Chips",
				"ItemLootTreeNodes.FoodStore.Food.Snacks.Chocolate"
			]
		}
	],
	"Probability": 10,
	"QuantityMin": 1,
	"QuantityMax": 1,
	"AllowDuplicates": false,
	"ShouldFilterItemsByZone": true,
	"InitialDamage": 0,
	"RandomDamage": 30,
	"InitialUsage": 0,
	"RandomUsage": 30
}