{
	"Nodes": [
		{
			"Rarity": "VeryRare",
			"Ids": [
				"ItemLootTreeNodes.LivingRoom.Items.Misc.Cigarettes",
				"ItemLootTreeNodes.LivingRoom.Items.Misc.Fabric",
				"ItemLootTreeNodes.LivingRoom.Items.Misc.Battery"
			]
		},
		{
			"Rarity": "Uncommon",
			"Ids": [
				"ItemLootTreeNodes.Hospital.Clothes"
			]
		}
	],
	"Probability": 20,
	"QuantityMin": 1,
	"QuantityMax": 2,
	"AllowDuplicates": false,
	"ShouldFilterItemsByZone": true,
	"InitialDamage": 0,
	"RandomDamage": 20,
	"InitialUsage": 0,
	"RandomUsage": 20
}