{
	"Nodes": [
		{
			"Rarity": "Uncommon",
			"Ids": [
				"ItemLootTreeNodes.Garage.Crafting",
				"ItemLootTreeNodes.Garage.Fishing",
				"ItemLootTreeNodes.Garage.LightsFire",
				"ItemLootTreeNodes.Garage.Other.Backpacks",
				"ItemLootTreeNodes.Garage.Other.Flares",
				"ItemLootTreeNodes.Garage.Other.FoodAndDrink",
				"ItemLootTreeNodes.Garage.Tools",
				"ItemLootTreeNodes.Garage.WorkClothes"
			]
		}
	],
	"Probability": 20,
	"QuantityMin": 1,
	"QuantityMax": 1,
	"AllowDuplicates": false,
	"ShouldFilterItemsByZone": true,
	"InitialDamage": 60,
	"RandomDamage": 30,
	"InitialUsage": 65,
	"RandomUsage": 25,
	"PostSpawnActions": [
		"SetAmmoAmount_SmallStash",
		"SetCashAmount_SmallStash",
		"SetClothesDirtiness_DirtyClothes"
	]
}