{
	"Nodes": [
		{
			"Rarity": "Uncommon",
			"Ids": [
				"ItemLootTreeNodes.Workshop.Crafting",
				"ItemLootTreeNodes.Workshop.RepairToolkits",
				"ItemLootTreeNodes.Workshop.Tools",
				"ItemLootTreeNodes.Workshop.LightsFire",
				"ItemLootTreeNodes.Workshop.Other"
			]
		}
	],
	"Probability": 25,
	"QuantityMin": 1,
	"QuantityMax": 3,
	"AllowDuplicates": false,
	"ShouldFilterItemsByZone": true,
	"InitialDamage": 0,
	"RandomDamage": 40,
	"InitialUsage": 0,
	"RandomUsage": 40
}