{
	"Nodes": [
		{
			"Rarity": "Uncommon",
			"Ids": [
				"ItemLootTreeNodes.Police.Clothes",
				"ItemLootTreeNodes.Police.Gear.Attachments.Bayonets",
				"ItemLootTreeNodes.Police.Gear.Backpacks",
				"ItemLootTreeNodes.Police.Gear.Attachments.Flashlights",
				"ItemLootTreeNodes.Police.Ammo.12Gauge",
				"ItemLootTreeNodes.Police.Ammo.Regular",
				"ItemLootTreeNodes.Police.FoodDrink",
				"ItemLootTreeNodes.Police.Gear.Armor",
				"ItemLootTreeNodes.Police.Gear.Magazines",
				"ItemLootTreeNodes.Police.Gear.Tools",
				"ItemLootTreeNodes.Police.Weapons.Handguns",
				"ItemLootTreeNodes.Police.Weapons.Shotguns"
			]
		},
		{
			"Rarity": "Rare",
			"Ids": [
				"ItemLootTreeNodes.LivingRoom.Items.Misc"
			]
		}
	],
	"Probability": 15,
	"QuantityMin": 1,
	"QuantityMax": 2,
	"AllowDuplicates": false,
	"ShouldFilterItemsByZone": true,
	"InitialDamage": 30,
	"RandomDamage": 50,
	"InitialUsage": 30,
	"RandomUsage": 50,
	"PostSpawnActions": [
		"SetClothesDirtiness_DirtyClothes",
		"SetAmmoAmount_SmallStash"
	]
}