{
	"Nodes": [
		{
			"Rarity": "Uncommon",
			"Ids": [
				"ItemLootTreeNodes.Workshop"
			]
		},
		{
			"Rarity": "Rare",
			"Ids": [
				"ItemLootTreeNodes.Military.Weapons",
				"ItemLootTreeNodes.Military.Ammo"
			]
		}
	],
	"Probability": 9,
	"QuantityMin": 1,
	"QuantityMax": 2,
	"AllowDuplicates": false,
	"ShouldFilterItemsByZone": true,
	"InitialDamage": 0,
	"RandomDamage": 10,
	"InitialUsage": 0,
	"RandomUsage": 0,
	"PostSpawnActions": [
		"SetAmmoAmount_SmallStash"
	]
}