{
	"Nodes": [
		{
			"Rarity": "Common",
			"Ids": [
				"ItemLootTreeNodes.Military.Ammo"
			]
		},
		{
			"Rarity": "ExtremelyRare",
			"Ids": [
				"ItemLootTreeNodes.Military.FoodDrink.Food.Cans"
			]
		},
		{
			"Rarity": "Abundant",
			"Ids": [
				"ItemLootTreeNodes.Military.Clothes.Feet.MilitaryBoots",
				"ItemLootTreeNodes.Military.Clothes.Hands.OpenFingerGloves",
				"ItemLootTreeNodes.Military.Clothes.Hands.TacticalGloves",
				"ItemLootTreeNodes.Military.Clothes.Head.Balaclavas",
				"ItemLootTreeNodes.Military.Clothes.Head.Beanies",
				"ItemLootTreeNodes.Military.Clothes.Head.BoonieHats",
				"ItemLootTreeNodes.Military.Clothes.Head.EarProtection",
				"ItemLootTreeNodes.Military.Clothes.Head.Goggles.Military_Goggles_01",
				"ItemLootTreeNodes.Military.Clothes.Head.Goggles.Tactical_Sunglasses_01",
				"ItemLootTreeNodes.Military.Clothes.Head.MarineCaps",
				"ItemLootTreeNodes.Military.Clothes.Head.MilitaryCaps",
				"ItemLootTreeNodes.Military.Clothes.Head.Scarfs",
				"ItemLootTreeNodes.Military.Clothes.Legs.GhillieSuitPants",
				"ItemLootTreeNodes.Military.Clothes.Legs.TacticalMilitaryPants",
				"ItemLootTreeNodes.Military.Clothes.Torso.CamoJackets",
				"ItemLootTreeNodes.Military.Clothes.Torso.GhillieSuitJackets",
				"ItemLootTreeNodes.Military.Clothes.Torso.MilitaryShirts",
				"ItemLootTreeNodes.Military.Clothes.Torso.Raincoats",
				"ItemLootTreeNodes.Military.Clothes.Torso.TacticalJackets",
				"ItemLootTreeNodes.Military.Clothes.Torso.TacticalSweaters"
			]
		},
		{
			"Rarity": "ExtremelyRare",
			"Ids": [
				"ItemLootTreeNodes.Military.Weapons.Other",
				"ItemLootTreeNodes.Military.Weapons.SMGs",
				"ItemLootTreeNodes.Military.Weapons.Shotguns",
				"ItemLootTreeNodes.Military.Weapons.Handguns",
				"ItemLootTreeNodes.Military.Weapons.Rifles"
			]
		},
		{
			"Rarity": "Common",
			"Ids": [
				"ItemLootTreeNodes.Military.Gear.Armor",
				"ItemLootTreeNodes.Military.Gear.Attachments",
				"ItemLootTreeNodes.Military.Gear.Backpacks",
				"ItemLootTreeNodes.Military.Gear.Explosives",
				"ItemLootTreeNodes.Military.Gear.Magazines",
				"ItemLootTreeNodes.Military.Gear.Optics",
				"ItemLootTreeNodes.Military.Gear.Tools.Compass",
				"ItemLootTreeNodes.Military.Gear.Tools.Compass_Advanced",
				"ItemLootTreeNodes.Military.Gear.Tools.Geiger_Counter_Analogue",
				"ItemLootTreeNodes.Military.Gear.Tools.MetalDetector",
				"ItemLootTreeNodes.Military.Gear.Tools.GasMasks",
				"ItemLootTreeNodes.Military.Gear.Tools.Knives.1H_Hunter",
				"ItemLootTreeNodes.Military.Gear.Tools.Knives.1H_Kunai",
				"ItemLootTreeNodes.Military.Gear.Tools.Knives.1H_MK5000_Black",
				"ItemLootTreeNodes.Military.Gear.Tools.Knives.1H_Scout_Black",
				"ItemLootTreeNodes.Military.Gear.Tools.Knives.1H_Shuriken",
				"ItemLootTreeNodes.Military.Gear.Tools.Sewing_kit",
				"ItemLootTreeNodes.Military.Gear.Tools.Weapon_Cleaning_Kit"
			]
		}
	],
	"Probability": 11,
	"QuantityMin": 1,
	"QuantityMax": 3,
	"AllowDuplicates": false,
	"ShouldFilterItemsByZone": true,
	"InitialDamage": 0,
	"RandomDamage": 10,
	"InitialUsage": 0,
	"RandomUsage": 10
}