{
	"Nodes": [
		{
			"Rarity": "Uncommon",
			"Ids": [
				"ItemLootTreeNodes.Garage.Crafting",
				"ItemLootTreeNodes.Garage.Tools"
			]
		},
		{
			"Rarity": "Uncommon",
			"Ids": [
				"ItemLootTreeNodes.Garage.VehicleAccesories",
				"ItemLootTreeNodes.Garage.VehicleAttachments"
			]
		},
		{
			"Rarity": "Uncommon",
			"Ids": [
				"ItemLootTreeNodes.Workshop.RepairToolkits",
				"ItemLootTreeNodes.Workshop.Tools",
				"ItemLootTreeNodes.Workshop.WorkClothes"
			]
		},
		{
			"Rarity": "Uncommon",
			"Ids": [
				"ItemLootTreeNodes.Masonry"
			]
		},
		{
			"Rarity": "Uncommon",
			"Ids": [
				"ItemLootTreeNodes.Trash"
			]
		}
	],
	"Probability": 15,
	"QuantityMin": 1,
	"QuantityMax": 2,
	"AllowDuplicates": false,
	"ShouldFilterItemsByZone": true,
	"InitialDamage": 20,
	"RandomDamage": 40,
	"InitialUsage": 20,
	"RandomUsage": 40
}