{
	"Nodes": [
		{
			"Rarity": "Uncommon",
			"Ids": [
				"ItemLootTreeNodes.Workshop.Crafting",
				"ItemLootTreeNodes.Workshop.Fishing",
				"ItemLootTreeNodes.Workshop.LightsFire",
				"ItemLootTreeNodes.Workshop.Other.Backpacks.WaistBags",
				"ItemLootTreeNodes.Workshop.Other.Flares",
				"ItemLootTreeNodes.Workshop.Tools.Hand",
				"ItemLootTreeNodes.Workshop.Tools.Electrical",
				"ItemLootTreeNodes.Workshop.Tools.Blades",
				"ItemLootTreeNodes.Workshop.WorkClothes"
			]
		}
	],
	"Probability": 17,
	"QuantityMin": 1,
	"QuantityMax": 1,
	"AllowDuplicates": false,
	"ShouldFilterItemsByZone": true,
	"InitialDamage": 10,
	"RandomDamage": 30,
	"InitialUsage": 10,
	"RandomUsage": 50
}