{
	"Nodes": [
		{
			"Rarity": "Uncommon",
			"Ids": [
				"ItemLootTreeNodes.Military.Ammo.12Gauge",
				"ItemLootTreeNodes.Military.Ammo.Regular",
				"ItemLootTreeNodes.Military.Ammo.Arrows",
				"ItemLootTreeNodes.Military.Ammo.Tracers",
				"ItemLootTreeNodes.Military.Weapons.Handguns",
				"ItemLootTreeNodes.Military.Weapons.Rifles",
				"ItemLootTreeNodes.Military.Weapons.Shotguns",
				"ItemLootTreeNodes.Military.Weapons.SMGs"
			]
		}
	],
	"Probability": 10,
	"QuantityMin": 1,
	"QuantityMax": 1,
	"AllowDuplicates": false,
	"ShouldFilterItemsByZone": true,
	"InitialDamage": 10,
	"RandomDamage": 30,
	"InitialUsage": 10,
	"RandomUsage": 30
}