{
	"Nodes": [
		{
			"Rarity": "Uncommon",
			"Ids": [
				"ItemLootTreeNodes.Police.Ammo",
				"ItemLootTreeNodes.Police.Clothes",
				"ItemLootTreeNodes.Police.FoodDrink",
				"ItemLootTreeNodes.Police.Gear.Attachments",
				"ItemLootTreeNodes.Police.Gear.Magazines",
				"ItemLootTreeNodes.Police.Gear.Optics",
				"ItemLootTreeNodes.Police.Gear.Tools"
			]
		}
	],
	"Probability": 30,
	"QuantityMin": 1,
	"QuantityMax": 1,
	"AllowDuplicates": false,
	"ShouldFilterItemsByZone": true,
	"InitialDamage": 0,
	"RandomDamage": 50,
	"InitialUsage": 0,
	"RandomUsage": 50,
	"PostSpawnActions": [
		"SetAmmoAmount_SmallStash",
		"SetCashAmount_SmallStash",
		"SetClothesDirtiness_ResidentialClothes"
	]
}