{
	"Nodes": [
		{
			"Rarity": "Rare",
			"Ids": [
				"ItemLootTreeNodes.Office.Other.Weapons",
				"ItemLootTreeNodes.Office.Items.Misc",
				"ItemLootTreeNodes.Office.Items.Melee",
				"ItemLootTreeNodes.Office.Items.Clothes.Hands",
				"ItemLootTreeNodes.Office.Items.Clothes.Head",
				"ItemLootTreeNodes.Office.Food",
				"ItemLootTreeNodes.Office.Drinks"
			]
		},
		{
			"Rarity": "Uncommon",
			"Ids": [
				"ItemLootTreeNodes.Office.Items.Misc"
			]
		}
	],
	"Probability": 17,
	"QuantityMin": 1,
	"QuantityMax": 2,
	"AllowDuplicates": false,
	"ShouldFilterItemsByZone": true,
	"InitialDamage": 0,
	"RandomDamage": 30,
	"InitialUsage": 0,
	"RandomUsage": 30,
	"PostSpawnActions": [
		"SetAmmoAmount_SmallStash",
		"SetClothesDirtiness_ResidentialClothes",
		"SetCashAmount_SmallStash"
	]
}