{
	"Nodes": [
		{
			"Rarity": "Abundant",
			"Ids": [
				"ItemLootTreeNodes.Military.Ammo"
			]
		},
		{
			"Rarity": "Abundant",
			"Ids": [
				"ItemLootTreeNodes.Military.Clothes"
			]
		},
		{
			"Rarity": "Abundant",
			"Ids": [
				"ItemLootTreeNodes.Military.Gear"
			]
		}
	],
	"Probability": 10,
	"QuantityMin": 1,
	"QuantityMax": 1,
	"AllowDuplicates": false,
	"ShouldFilterItemsByZone": true,
	"InitialDamage": 0,
	"RandomDamage": 20,
	"InitialUsage": 0,
	"RandomUsage": 20
}