{
	"Nodes": [
		{
			"Rarity": "Uncommon",
			"Ids": [
				"ItemLootTreeNodes.Garage.WorkClothes",
				"ItemLootTreeNodes.Garage.Other.Ammo",
				"ItemLootTreeNodes.Garage.Other.Backpacks.WaistBags",
				"ItemLootTreeNodes.Garage.Other.Backpacks.School",
				"ItemLootTreeNodes.Garage.Other.Backpacks.Plain"
			]
		}
	],
	"Probability": 20,
	"QuantityMin": 1,
	"QuantityMax": 1,
	"AllowDuplicates": false,
	"ShouldFilterItemsByZone": true,
	"InitialDamage": 10,
	"RandomDamage": 30,
	"InitialUsage": 1,
	"RandomUsage": 30,
	"PostSpawnActions": [
		"SetAmmoAmount_SmallStash",
		"SetCashAmount_SmallStash",
		"SetClothesDirtiness_DirtyClothes"
	]
}