{
	"Nodes": [
		{
			"Rarity": "Uncommon",
			"Ids": [
				"ItemLootTreeNodes.Pharmacy.Items.Fabric",
				"ItemLootTreeNodes.Pharmacy.Items.Scissors",
				"ItemLootTreeNodes.Pharmacy.Items.FirstAid",
				"ItemLootTreeNodes.Pharmacy"
			]
		},
		{
			"Rarity": "Uncommon",
			"Ids": [
				"ItemLootTreeNodes.Office.Items.Misc.Cigarettes",
				"ItemLootTreeNodes.Office.Items.Misc.Battery",
				"ItemLootTreeNodes.Office.Items.Misc.Glue",
				"ItemLootTreeNodes.Office.Items.Misc.Locks"
			]
		}
	],
	"Items": [
		{
			"Rarity": "Uncommon",
			"Id": "Paper"
		}
	],
	"Probability": 15,
	"QuantityMin": 1,
	"QuantityMax": 1,
	"AllowDuplicates": false,
	"ShouldFilterItemsByZone": true,
	"InitialDamage": 0,
	"RandomDamage": 30,
	"InitialUsage": 0,
	"RandomUsage": 30
}