{
	"Nodes": [
		{
			"Rarity": "Uncommon",
			"Ids": [
				"ItemLootTreeNodes.Workshop.Tools.Blades",
				"ItemLootTreeNodes.Workshop.Tools.Electrical",
				"ItemLootTreeNodes.Workshop.Tools.Hand",
				"ItemLootTreeNodes.Workshop.Tools.Power",
				"ItemLootTreeNodes.Workshop.Crafting",
				"ItemLootTreeNodes.Workshop.RepairToolkits.General"
			]
		}
	],
	"Probability": 15,
	"QuantityMin": 1,
	"QuantityMax": 1,
	"AllowDuplicates": false,
	"ShouldFilterItemsByZone": true,
	"InitialDamage": 10,
	"RandomDamage": 30,
	"InitialUsage": 10,
	"RandomUsage": 30
}