{
	"Nodes": [
		{
			"Rarity": "Rare",
			"Ids": [
				"ItemLootTreeNodes.Pharmacy.Items.Scissors",
				"ItemLootTreeNodes.Pharmacy.Items.FirstAid.Bandages",
				"ItemLootTreeNodes.Pharmacy.Items.FirstAid.Vitamins"
			]
		},
		{
			"Rarity": "Uncommon",
			"Ids": [
				"ItemLootTreeNodes.Office.Items.Misc",
				"ItemLootTreeNodes.Office.Other.Weapons"
			]
		}
	],
	"Probability": 18,
	"QuantityMin": 1,
	"QuantityMax": 2,
	"AllowDuplicates": false,
	"ShouldFilterItemsByZone": true,
	"InitialDamage": 10,
	"RandomDamage": 30,
	"InitialUsage": 0,
	"RandomUsage": 30
}