{
	"Nodes": [
		{
			"Rarity": "Uncommon",
			"Ids": [
				"ItemLootTreeNodes.Workshop.Crafting",
				"ItemLootTreeNodes.Workshop.Fishing",
				"ItemLootTreeNodes.Workshop.LightsFire",
				"ItemLootTreeNodes.Workshop.Tools.Hand",
				"ItemLootTreeNodes.Workshop.Other.Ammo"
			]
		}
	],
	"Probability": 15,
	"QuantityMin": 1,
	"QuantityMax": 1,
	"AllowDuplicates": false,
	"ShouldFilterItemsByZone": true,
	"InitialDamage": 0,
	"RandomDamage": 0,
	"InitialUsage": 0,
	"RandomUsage": 0
}