{
	"Nodes": [
		{
			"Rarity": "Uncommon",
			"Ids": [
				"ItemLootTreeNodes.Kitchen.Items.Blades",
				"ItemLootTreeNodes.Kitchen.Items.Dish",
				"ItemLootTreeNodes.Kitchen.Items.Misc"
			]
		}
	],
	"Items": [
		{
			"Rarity": "Uncommon",
			"Id": "Canned_Tuna"
		},
		{
			"Rarity": "Uncommon",
			"Id": "CannedSardine"
		}
	],
	"Probability": 30,
	"QuantityMin": 1,
	"QuantityMax": 1,
	"AllowDuplicates": false,
	"ShouldFilterItemsByZone": true,
	"InitialDamage": 0,
	"RandomDamage": 0,
	"InitialUsage": 0,
	"RandomUsage": 0
}