{
	"Nodes": [
		{
			"Rarity": "Uncommon",
			"Ids": [
				"ItemLootTreeNodes.Garage.Crafting",
				"ItemLootTreeNodes.Garage.Fishing",
				"ItemLootTreeNodes.Garage.LightsFire",
				"ItemLootTreeNodes.Garage.Tools",
				"ItemLootTreeNodes.Garage.Other.Ammo",
				"ItemLootTreeNodes.Garage.Other.Flares",
				"ItemLootTreeNodes.Garage.Other.FoodAndDrink",
				"ItemLootTreeNodes.Garage.Other.Money",
				"ItemLootTreeNodes.Garage.Other.Weapons.Handguns",
				"ItemLootTreeNodes.Garage.Other.Weapons.Other",
				"ItemLootTreeNodes.Garage.Other.Backpacks.WaistBags",
				"ItemLootTreeNodes.Garage.WorkClothes.Hands",
				"ItemLootTreeNodes.Garage.WorkClothes.Head.Beanies",
				"ItemLootTreeNodes.Garage.WorkClothes.Head.Caps",
				"ItemLootTreeNodes.Garage.WorkClothes.Head.EarProtection"
			]
		}
	],
	"Probability": 17,
	"QuantityMin": 1,
	"QuantityMax": 1,
	"AllowDuplicates": false,
	"ShouldFilterItemsByZone": true,
	"InitialDamage": 10,
	"RandomDamage": 30,
	"InitialUsage": 1,
	"RandomUsage": 30,
	"PostSpawnActions": [
		"SetAmmoAmount_SmallStash",
		"SetCashAmount_SmallStash",
		"SetClothesDirtiness_DirtyClothes"
	]
}