{
	"Nodes": [
		{
			"Rarity": "Uncommon",
			"Ids": [
				"ItemLootTreeNodes.Workshop.Crafting",
				"ItemLootTreeNodes.Workshop.RepairToolkits",
				"ItemLootTreeNodes.Workshop.Tools",
				"ItemLootTreeNodes.Workshop.LightsFire",
				"ItemLootTreeNodes.Workshop.Other"
			]
		}
	],
	"Probability": 30,
	"QuantityMin": 1,
	"QuantityMax": 3,
	"AllowDuplicates": false,
	"ShouldFilterItemsByZone": true,
	"InitialDamage": 10,
	"RandomDamage": 50,
	"InitialUsage": 0,
	"RandomUsage": 50,
	"PostSpawnActions": [
		"SetClothesDirtiness_DirtyClothes",
		"SetAmmoAmount_SmallStash",
		"SetCashAmount_SmallStash"
	]
}