{
	"Nodes": [
		{
			"Rarity": "Uncommon",
			"Ids": [
				"ItemLootTreeNodes.CarRepairShop.Tools",
				"ItemLootTreeNodes.CarRepairShop.RepairToolkits.General",
				"ItemLootTreeNodes.CarRepairShop.RepairToolkits.Car",
				"ItemLootTreeNodes.CarRepairShop.Crafting"
			]
		}
	],
	"Probability": 25,
	"QuantityMin": 1,
	"QuantityMax": 1,
	"AllowDuplicates": false,
	"ShouldFilterItemsByZone": true,
	"InitialDamage": 10,
	"RandomDamage": 30,
	"InitialUsage": 10,
	"RandomUsage": 30
}