{
	"Nodes": [
		{
			"Rarity": "Uncommon",
			"Ids": [
				"ItemLootTreeNodes.Military.Gear.Backpacks",
				"ItemLootTreeNodes.Military.Gear.Armor",
				"ItemLootTreeNodes.Military.Clothes.Feet.MilitaryBoots",
				"ItemLootTreeNodes.Military.Clothes.Hands.TacticalGloves",
				"ItemLootTreeNodes.Military.Clothes.Head",
				"ItemLootTreeNodes.Military.Clothes.Legs.GhillieSuitPants",
				"ItemLootTreeNodes.Military.Clothes.Legs.TacticalMilitaryPants",
				"ItemLootTreeNodes.Military.Clothes.Torso",
				"ItemLootTreeNodes.Military.Gear.Tools.Compass_Advanced",
				"ItemLootTreeNodes.Military.Gear.Tools.Geiger_Counter_Analogue",
				"ItemLootTreeNodes.Military.Gear.Tools.GasMasks",
				"ItemLootTreeNodes.Military.Gear.Tools.Sewing_kit"
			]
		}
	],
	"Probability": 15,
	"QuantityMin": 1,
	"QuantityMax": 2,
	"AllowDuplicates": false,
	"ShouldFilterItemsByZone": true,
	"InitialDamage": 0,
	"RandomDamage": 10,
	"InitialUsage": 0,
	"RandomUsage": 10
}