{
	"Nodes": [
		{
			"Rarity": "Uncommon",
			"Ids": [
				"ItemLootTreeNodes.GasShop.Crafting",
				"ItemLootTreeNodes.GasShop.WorkClothes",
				"ItemLootTreeNodes.GasShop.Other.Ammo",
				"ItemLootTreeNodes.GasShop.Other.Backpacks",
				"ItemLootTreeNodes.GasShop.Other.Flares",
				"ItemLootTreeNodes.GasShop.Other.FoodAndDrink",
				"ItemLootTreeNodes.GasShop.Other.Money"
			]
		},
		{
			"Rarity": "Uncommon",
			"Ids": [
				"ItemLootTreeNodes.Trash"
			]
		}
	],
	"Probability": 15,
	"QuantityMin": 1,
	"QuantityMax": 1,
	"AllowDuplicates": false,
	"ShouldFilterItemsByZone": true,
	"InitialDamage": 0,
	"RandomDamage": 30,
	"InitialUsage": 0,
	"RandomUsage": 30
}