{
	"Subpresets": [
		{
			"Rarity": "Uncommon",
			"Id": "Special_Packages-Vault-Examine_RPK_Vault_Pack"
		},
		{
			"Rarity": "Uncommon",
			"Id": "Special_Packages-Vault-Examine_RPK_Ammo_Vault_Pack"
		},
		{
			"Rarity": "Uncommon",
			"Id": "Special_Packages-Vault-Examine_GrenadeLauncher_Vault_Pack"
		},
		{
			"Rarity": "Uncommon",
			"Id": "Special_Packages-Vault-Examine_GrenadeLauncher_Ammo_Vault_Pack"
		},
		{
			"Rarity": "Uncommon",
			"Id": "Special_Packages-Vault-Examine_Explosives_1_Vault_Pack"
		},
		{
			"Rarity": "Uncommon",
			"Id": "Special_Packages-Vault-Examine_Explosives_2_Vault_Pack"
		},
		{
			"Rarity": "Uncommon",
			"Id": "Special_Packages-Vault-Examine_Explosives_3_Vault_Pack"
		},
		{
			"Rarity": "Uncommon",
			"Id": "Special_Packages-Vault-Examine_Explosives_4_Vault_Pack"
		},
		{
			"Rarity": "Uncommon",
			"Id": "Special_Packages-Vault-Examine_Explosives_5_Vault_Pack"
		},
		{
			"Rarity": "Uncommon",
			"Id": "Special_Packages-Vault-Examine_AT4_HEAT_Vault_Pack"
		}
	]
}