{
	"Nodes": [
		{
			"Rarity": "Rare",
			"Ids": [
				"ItemLootTreeNodes.Military.Gear.Magazines.AssaultRifles",
				"ItemLootTreeNodes.Military.Gear.Magazines.SMGs",
				"ItemLootTreeNodes.Military.Gear.Magazines.Snipers",
				"ItemLootTreeNodes.Military.Gear.Backpacks.Holsters.Military",
				"ItemLootTreeNodes.Military.Gear.Backpacks.Hiking.Camo",
				"ItemLootTreeNodes.Military.Gear.Backpacks.Assault",
				"ItemLootTreeNodes.Military.Gear.Attachments.Bayonets",
				"ItemLootTreeNodes.Military.Gear.Attachments.Camouflage",
				"ItemLootTreeNodes.Military.Gear.Armor",
				"ItemLootTreeNodes.Military.Gear.Optics",
				"ItemLootTreeNodes.Military.Gear.Attachments.Rails",
				"ItemLootTreeNodes.Military.Gear.Tools.Weapon_Cleaning_Kit",
				"ItemLootTreeNodes.Military.Gear.Tools.Compass_Advanced",
				"ItemLootTreeNodes.Military.Gear.Tools.Geiger_Counter_Analogue",
				"ItemLootTreeNodes.Military.Gear.Explosives.Cal_40x46",
				"ItemLootTreeNodes.Military.Gear.Explosives.FlareItem",
				"ItemLootTreeNodes.Military.Gear.Explosives.Flashbang",
				"ItemLootTreeNodes.Military.Gear.Explosives.Frag_Grenade",
				"ItemLootTreeNodes.Military.Gear.Explosives.Smoke_Grenade",
				"ItemLootTreeNodes.Military.Gear.Explosives.Claymore",
				"ItemLootTreeNodes.Military.Gear.Explosives.Mine_01",
				"ItemLootTreeNodes.Military.Gear.Explosives.PromTrap",
				"ItemLootTreeNodes.Military.Gear.Attachments.Suppressors.WeaponSuppressor_308_Black",
				"ItemLootTreeNodes.Military.Gear.Attachments.Suppressors.WeaponSuppressor_30_06",
				"ItemLootTreeNodes.Military.Gear.Attachments.Suppressors.WeaponSuppressor_338_Black",
				"ItemLootTreeNodes.Military.Gear.Attachments.Suppressors.WeaponSuppressor_338_Green",
				"ItemLootTreeNodes.Military.Gear.Attachments.Suppressors.WeaponSuppressor_338_Tan",
				"ItemLootTreeNodes.Military.Gear.Attachments.Suppressors.WeaponSuppressor_5_45x39",
				"ItemLootTreeNodes.Military.Gear.Attachments.Suppressors.WeaponSuppressor_AK15",
				"ItemLootTreeNodes.Military.Gear.Attachments.Suppressors.WeaponSuppressor_12_Gauge",
				"ItemLootTreeNodes.Military.Gear.Attachments.Suppressors.WeaponSuppressor_M1891",
				"ItemLootTreeNodes.Military.Gear.Attachments.Suppressors.WeaponSuppressor_MK18",
				"ItemLootTreeNodes.Military.Gear.Attachments.Suppressors.WeaponSuppressor_MP5",
				"ItemLootTreeNodes.Military.Gear.Attachments.Suppressors.WeaponSuppressor_SVD",
				"ItemLootTreeNodes.Military.Gear.Attachments.Sights.WeaponSights_AimPRO",
				"ItemLootTreeNodes.Military.Gear.Attachments.Sights.WeaponSights_Deagle_RedDot",
				"ItemLootTreeNodes.Military.Gear.Attachments.Sights.WeaponSights_M16A4_FoldingSights",
				"ItemLootTreeNodes.Military.Gear.Attachments.Sights.WeaponSights_M1_Experimental",
				"ItemLootTreeNodes.Military.Gear.Attachments.Sights.WeaponSights_MRO_Red_Dot",
				"ItemLootTreeNodes.Military.Gear.Attachments.Sights.WeaponSights_OKP-7_Holographic",
				"ItemLootTreeNodes.Military.Gear.Attachments.Sights.WeaponSights_RedDot_CA401B",
				"ItemLootTreeNodes.Military.Gear.Attachments.Sights.WeaponSights_Sentry_RDRS",
				"ItemLootTreeNodes.Military.Gear.Attachments.Sights.WeaponSights_V3_Holographic",
				"ItemLootTreeNodes.Military.Gear.Attachments.Sights.WeaponSights_XPS300_Holographic",
				"ItemLootTreeNodes.Military.Gear.Attachments.Sights.WeaponSights_Shark",
				"ItemLootTreeNodes.Military.Gear.Attachments.Sights.WeaponSights_Snake",
				"ItemLootTreeNodes.Military.Gear.Attachments.Sights.WeaponSights_Wasp",
				"ItemLootTreeNodes.Military.Gear.Attachments.Scopes.WeaponScope_ACOG_01",
				"ItemLootTreeNodes.Military.Gear.Attachments.Scopes.M82s",
				"ItemLootTreeNodes.Military.Gear.Attachments.Scopes.WeaponScope_Dragunov",
				"ItemLootTreeNodes.Military.Gear.Attachments.Scopes.WeaponScope_HuntingScope",
				"ItemLootTreeNodes.Military.Gear.Attachments.Scopes.WeaponScope_POSP",
				"ItemLootTreeNodes.Military.Gear.Explosives.Cal_40_PG-7M",
				"ItemLootTreeNodes.Military.Gear.Magazines.Rifles",
				"ItemLootTreeNodes.Military.Ammo"
			]
		}
	],
	"Probability": 40,
	"QuantityMin": 1,
	"QuantityMax": 1,
	"AllowDuplicates": false,
	"ShouldFilterItemsByZone": true,
	"InitialDamage": 20,
	"RandomDamage": 20,
	"InitialUsage": 0,
	"RandomUsage": 15
}