{
	"Nodes": [
		{
			"Rarity": "Uncommon",
			"Ids": [
				"ItemLootTreeNodes.Workshop.WorkClothes",
				"ItemLootTreeNodes.Workshop.Tools",
				"ItemLootTreeNodes.Workshop.Crafting"
			]
		},
		{
			"Rarity": "Uncommon",
			"Ids": [
				"ItemLootTreeNodes.LivingRoom.Items",
				"ItemLootTreeNodes.LivingRoom.Food",
				"ItemLootTreeNodes.LivingRoom.Drinks"
			]
		},
		{
			"Rarity": "Uncommon",
			"Ids": [
				"ItemLootTreeNodes.Pharmacy.Items",
				"ItemLootTreeNodes.Pharmacy.Other"
			]
		},
		{
			"Rarity": "Uncommon",
			"Ids": [
				"ItemLootTreeNodes.Barn.Tools",
				"ItemLootTreeNodes.Barn.Crafting",
				"ItemLootTreeNodes.Barn.LightsFire",
				"ItemLootTreeNodes.Barn.WorkClothes"
			]
		}
	],
	"Probability": 18,
	"QuantityMin": 1,
	"QuantityMax": 3,
	"AllowDuplicates": false,
	"ShouldFilterItemsByZone": true,
	"InitialDamage": 10,
	"RandomDamage": 20,
	"InitialUsage": 10,
	"RandomUsage": 20,
	"PostSpawnActions": [
		"SetClothesDirtiness_ResidentialClothes"
	]
}