{
	"Nodes": [
		{
			"Rarity": "Uncommon",
			"Ids": [
				"ItemLootTreeNodes.LivingRoom.Items",
				"ItemLootTreeNodes.LivingRoom.Food",
				"ItemLootTreeNodes.LivingRoom.Drinks"
			]
		}
	],
	"Probability": 15,
	"QuantityMin": 1,
	"QuantityMax": 3,
	"AllowDuplicates": false,
	"ShouldFilterItemsByZone": true,
	"InitialDamage": 10,
	"RandomDamage": 20,
	"InitialUsage": 10,
	"RandomUsage": 20,
	"PostSpawnActions": [
		"SetClothesDirtiness_ResidentialClothes",
		"SetCashAmount_SmallStash",
		"SetAmmoAmount_SmallStash"
	]
}