{
	"Nodes": [
		{
			"Rarity": "Uncommon",
			"Ids": [
				"ItemLootTreeNodes.Workshop.Tools",
				"ItemLootTreeNodes.Workshop.WorkClothes.Feet",
				"ItemLootTreeNodes.Workshop.WorkClothes.Torso",
				"ItemLootTreeNodes.Workshop.WorkClothes.Legs",
				"ItemLootTreeNodes.Workshop.Crafting",
				"ItemLootTreeNodes.Workshop.LightsFire"
			]
		},
		{
			"Rarity": "Rare",
			"Ids": [
				"ItemLootTreeNodes.Trash"
			]
		}
	],
	"Probability": 25,
	"QuantityMin": 1,
	"QuantityMax": 1,
	"AllowDuplicates": false,
	"ShouldFilterItemsByZone": true,
	"InitialDamage": 15,
	"RandomDamage": 40,
	"InitialUsage": 15,
	"RandomUsage": 40
}