{
	"Nodes": [
		{
			"Rarity": "Uncommon",
			"Ids": [
				"ItemLootTreeNodes.Military.Ammo.12Gauge",
				"ItemLootTreeNodes.Military.Ammo.Regular",
				"ItemLootTreeNodes.Military.Ammo.Arrows",
				"ItemLootTreeNodes.Military.Ammo.Tracers",
				"ItemLootTreeNodes.Military.Gear.Armor.Helmets",
				"ItemLootTreeNodes.Military.Gear.Attachments",
				"ItemLootTreeNodes.Military.Gear.Explosives",
				"ItemLootTreeNodes.Military.Gear.Magazines.Handguns",
				"ItemLootTreeNodes.Military.Gear.Magazines.Rifles",
				"ItemLootTreeNodes.Military.Gear.Magazines.SMGs",
				"ItemLootTreeNodes.Military"
			]
		}
	],
	"Probability": 12,
	"QuantityMin": 1,
	"QuantityMax": 2,
	"AllowDuplicates": false,
	"ShouldFilterItemsByZone": true,
	"InitialDamage": 10,
	"RandomDamage": 50,
	"InitialUsage": 10,
	"RandomUsage": 50
}