{
	"Nodes": [
		{
			"Rarity": "Uncommon",
			"Ids": [
				"ItemLootTreeNodes.Workshop.WorkClothes",
				"ItemLootTreeNodes.Workshop.LightsFire",
				"ItemLootTreeNodes.Workshop.Tools",
				"ItemLootTreeNodes.Workshop.Other.Ammo",
				"ItemLootTreeNodes.Workshop.Other.Backpacks",
				"ItemLootTreeNodes.Workshop.Other.Flares",
				"ItemLootTreeNodes.Workshop.Other.FoodAndDrink",
				"ItemLootTreeNodes.Workshop.Other.Money"
			]
		}
	],
	"Probability": 35,
	"QuantityMin": 1,
	"QuantityMax": 1,
	"AllowDuplicates": false,
	"ShouldFilterItemsByZone": true,
	"InitialDamage": 0,
	"RandomDamage": 50,
	"InitialUsage": 0,
	"RandomUsage": 50
}