{
	"Nodes": [
		{
			"Rarity": "Uncommon",
			"Ids": [
				"ItemLootTreeNodes.LivingRoom.Items.Clothes.Hands",
				"ItemLootTreeNodes.LivingRoom.Items.Clothes.Head",
				"ItemLootTreeNodes.LivingRoom.Items.Clothes.Legs",
				"ItemLootTreeNodes.LivingRoom.Items.Clothes.Torso",
				"ItemLootTreeNodes.LivingRoom.Other.Ammo",
				"ItemLootTreeNodes.LivingRoom.Other.Money",
				"ItemLootTreeNodes.LivingRoom.Other.Weapons"
			]
		}
	],
	"Probability": 15,
	"QuantityMin": 1,
	"QuantityMax": 2,
	"AllowDuplicates": false,
	"ShouldFilterItemsByZone": true,
	"InitialDamage": 0,
	"RandomDamage": 50,
	"InitialUsage": 0,
	"RandomUsage": 50
}