{
	"Nodes": [
		{
			"Rarity": "ExtremelyRare",
			"Ids": [
				"ItemLootTreeNodes.LivingRoom.Other.Backpacks.Holsters",
				"ItemLootTreeNodes.LivingRoom.Other.Backpacks.WaistBags"
			]
		},
		{
			"Rarity": "Uncommon",
			"Ids": [
				"ItemLootTreeNodes.Military.Clothes.Feet.MilitaryBoots",
				"ItemLootTreeNodes.Military.Clothes.Hands.OpenFingerGloves",
				"ItemLootTreeNodes.Military.Clothes.Hands.TacticalGloves",
				"ItemLootTreeNodes.Military.Clothes.Head",
				"ItemLootTreeNodes.Military.Clothes.Legs.ShortTrousers",
				"ItemLootTreeNodes.Military.Clothes.Legs.TacticalMilitaryPants",
				"ItemLootTreeNodes.Military.Clothes.Torso"
			]
		}
	],
	"Probability": 15,
	"QuantityMin": 1,
	"QuantityMax": 2,
	"AllowDuplicates": false,
	"ShouldFilterItemsByZone": true,
	"InitialDamage": 0,
	"RandomDamage": 20,
	"InitialUsage": 0,
	"RandomUsage": 20,
	"PostSpawnActions": [
		"SetClothesDirtiness_ResidentialClothes"
	]
}