{
	"Nodes": [
		{
			"Rarity": "Uncommon",
			"Ids": [
				"ItemLootTreeNodes.LivingRoom.Items.Misc",
				"ItemLootTreeNodes.LivingRoom.Items.Melee",
				"ItemLootTreeNodes.LivingRoom.Items.Clothes",
				"ItemLootTreeNodes.LivingRoom.Other"
			]
		},
		{
			"Rarity": "VeryRare",
			"Ids": [
				"ItemLootTreeNodes.Pharmacy.Items.Fabric",
				"ItemLootTreeNodes.Pharmacy.Items.FirstAid.Bandages",
				"ItemLootTreeNodes.Pharmacy.Items.FirstAid.Painkillers",
				"ItemLootTreeNodes.Pharmacy.Items.FirstAid.Vitamins",
				"ItemLootTreeNodes.Pharmacy.Items.Scissors",
				"ItemLootTreeNodes.Pharmacy"
			]
		}
	],
	"Probability": 15,
	"QuantityMin": 1,
	"QuantityMax": 1,
	"AllowDuplicates": false,
	"ShouldFilterItemsByZone": true,
	"InitialDamage": 0,
	"RandomDamage": 50,
	"InitialUsage": 0,
	"RandomUsage": 50,
	"PostSpawnActions": [
		"SetClothesDirtiness_DirtyClothes",
		"SetCashAmount_SmallStash"
	]
}