{
	"Nodes": [
		{
			"Rarity": "Uncommon",
			"Ids": [
				"ItemLootTreeNodes.Workshop.Other.Ammo",
				"ItemLootTreeNodes.Workshop.Other.Backpacks",
				"ItemLootTreeNodes.Workshop.Other.Flares",
				"ItemLootTreeNodes.Workshop.Other.FoodAndDrink",
				"ItemLootTreeNodes.Workshop.Other.Money",
				"ItemLootTreeNodes.Workshop.Crafting",
				"ItemLootTreeNodes.Workshop.WorkClothes.Torso.Shirts",
				"ItemLootTreeNodes.Workshop.WorkClothes.Torso.Jackets",
				"ItemLootTreeNodes.Workshop.WorkClothes.Legs",
				"ItemLootTreeNodes.Workshop.WorkClothes.Head",
				"ItemLootTreeNodes.Workshop.WorkClothes.Hands",
				"ItemLootTreeNodes.Workshop.WorkClothes.Feet"
			]
		},
		{
			"Rarity": "ExtremelyRare",
			"Ids": [
				"ItemLootTreeNodes.Farm"
			]
		}
	],
	"Probability": 13,
	"QuantityMin": 1,
	"QuantityMax": 1,
	"AllowDuplicates": false,
	"ShouldFilterItemsByZone": true,
	"InitialDamage": 0,
	"RandomDamage": 50,
	"InitialUsage": 0,
	"RandomUsage": 50,
	"PostSpawnActions": [
		"SetAmmoAmount_SmallStash",
		"SetCashAmount_SmallStash",
		"SetClothesDirtiness_ResidentialClothes"
	]
}