{
	"Nodes": [
		{
			"Rarity": "Rare",
			"Ids": [
				"ItemLootTreeNodes.LivingRoom.Items.Melee",
				"ItemLootTreeNodes.LivingRoom.Items.Misc",
				"ItemLootTreeNodes.LivingRoom.Other"
			]
		}
	],
	"Items": [
		{
			"Rarity": "Uncommon",
			"Id": "Wine"
		},
		{
			"Rarity": "Uncommon",
			"Id": "Candle_01"
		}
	],
	"Probability": 15,
	"QuantityMin": 1,
	"QuantityMax": 1,
	"AllowDuplicates": false,
	"ShouldFilterItemsByZone": true,
	"InitialDamage": 0,
	"RandomDamage": 50,
	"InitialUsage": 0,
	"RandomUsage": 50
}