{
	"Nodes": [
		{
			"Rarity": "Uncommon",
			"Ids": [
				"ItemLootTreeNodes.Workshop.Tools.Hand",
				"ItemLootTreeNodes.Workshop.Tools.Electrical",
				"ItemLootTreeNodes.Workshop.Tools.Blades",
				"ItemLootTreeNodes.Workshop.Tools.Power",
				"ItemLootTreeNodes.Workshop.RepairToolkits",
				"ItemLootTreeNodes.Workshop.LightsFire",
				"ItemLootTreeNodes.Workshop.Crafting"
			]
		}
	],
	"Probability": 20,
	"QuantityMin": 1,
	"QuantityMax": 2,
	"AllowDuplicates": false,
	"ShouldFilterItemsByZone": true,
	"InitialDamage": 0,
	"RandomDamage": 40,
	"InitialUsage": 0,
	"RandomUsage": 40
}