{
	"Nodes": [
		{
			"Rarity": "Uncommon",
			"Ids": [
				"ItemLootTreeNodes.Military.Clothes",
				"ItemLootTreeNodes.Military.Gear.Backpacks",
				"ItemLootTreeNodes.Military.FoodDrink"
			]
		},
		{
			"Rarity": "Rare",
			"Ids": [
				"ItemLootTreeNodes.Office.Items.Misc",
				"ItemLootTreeNodes.Office.Items.Melee"
			]
		}
	],
	"Probability": 20,
	"QuantityMin": 1,
	"QuantityMax": 1,
	"AllowDuplicates": false,
	"ShouldFilterItemsByZone": true,
	"InitialDamage": 50,
	"RandomDamage": 40,
	"InitialUsage": 50,
	"RandomUsage": 40
}