{
	"Parameters": [
		{
			"Id": "Apple",
			"IsDisabledForSpawning": false,
			"AllowedLocations": [
				"Coastal",
				"Continental",
				"Mountain"
			],
			"CooldownPerSquadMemberMin": 0,
			"CooldownPerSquadMemberMax": 0,
			"CooldownGroup": "A",
			"Variations": [],
			"ShouldOverrideInitialAndRandomUsage": false,
			"InitialUsageOverride": 0,
			"RandomUsageOverrideUsage": 0
		},
		{
			"Id": "Banana",
			"IsDisabledForSpawning": false,
			"AllowedLocations": [
				"Coastal",
				"Continental",
				"Mountain"
			],
			"CooldownPerSquadMemberMin": 0,
			"CooldownPerSquadMemberMax": 0,
			"CooldownGroup": "B",
			"Variations": [],
			"ShouldOverrideInitialAndRandomUsage": false,
			"InitialUsageOverride": 0,
			"RandomUsageOverrideUsage": 0
		},
		{
			"Id": "Peach",
			"IsDisabledForSpawning": false,
			"AllowedLocations": [
				"Coastal",
				"Continental",
				"Mountain"
			],
			"CooldownPerSquadMemberMin": 0,
			"CooldownPerSquadMemberMax": 0,
			"CooldownGroup": "C",
			"Variations": [],
			"ShouldOverrideInitialAndRandomUsage": false,
			"InitialUsageOverride": 0,
			"RandomUsageOverrideUsage": 0
		},
		{
			"Id": "2H_Katana",
			"IsDisabledForSpawning": false,
			"AllowedLocations": [
				"Coastal",
				"Continental",
				"Mountain"
			],
			"CooldownPerSquadMemberMin": 0,
			"CooldownPerSquadMemberMax": 0,
			"CooldownGroup": "D",
			"Variations": [],
			"ShouldOverrideInitialAndRandomUsage": false,
			"InitialUsageOverride": 0,
			"RandomUsageOverrideUsage": 0
		}
}